H;penstroke-edit;2;caveat_edit_subset fixing_2.cdr;464;564;0
G;0;0000;5
S;0;0;215.58;207.56
S;0;0;212.64;206.95
S;0;0;209.67;206.48
S;0;0;206.69;206.15
S;0;0;203.69;205.96
S;0;0;200.68;205.92
S;0;0;197.68;206.02
S;0;0;194.69;206.26
S;0;0;191.71;206.65
S;0;0;188.75;207.17
S;0;0;185.82;207.83
S;0;0;182.92;208.63
S;0;0;180.07;209.58
S;0;0;177.31;210.75
S;0;0;174.60;212.06
S;0;0;171.95;213.46
S;0;0;169.33;214.95
S;0;0;166.76;216.49
S;0;0;164.22;218.10
S;0;0;161.72;219.76
S;0;0;159.25;221.47
S;0;0;156.82;223.24
S;0;0;154.42;225.05
S;0;0;152.07;226.92
S;0;0;149.76;228.85
S;0;0;147.51;230.83
S;0;0;145.30;232.87
S;0;0;143.17;234.98
S;0;0;141.10;237.17
S;0;0;139.13;239.43
S;0;0;137.26;241.78
S;0;0;135.52;244.24
S;0;0;133.96;246.80
S;0;0;132.62;249.49
S;0;0;131.58;252.31
S;0;0;130.95;255.24
S;0;0;130.85;258.24
S;0;0;131.41;261.18
S;0;0;132.64;263.92
S;0;0;134.46;266.30
S;0;0;136.78;268.20
S;0;0;139.42;269.62
S;0;0;142.25;270.64
S;0;0;145.16;271.35
S;0;0;148.12;271.85
S;0;0;151.11;272.21
S;0;0;154.10;272.49
S;0;0;157.09;272.73
S;0;0;160.08;273.02
S;0;0;163.06;273.41
S;0;0;166.00;274.04
S;0;0;168.87;274.91
S;0;0;171.68;275.98
S;0;0;174.40;277.25
S;0;0;177.03;278.71
S;0;0;179.55;280.35
S;0;0;181.95;282.15
S;0;0;184.24;284.10
S;0;0;186.39;286.19
S;0;0;188.42;288.41
S;0;0;190.31;290.74
S;0;0;192.06;293.18
S;0;0;193.66;295.72
S;0;0;195.12;298.35
S;0;0;196.42;301.06
S;0;0;197.58;303.83
S;0;0;198.57;306.66
S;0;0;199.40;309.55
S;0;0;200.07;312.48
S;0;0;200.56;315.44
S;0;0;200.89;318.43
S;0;0;201.04;321.43
S;0;0;201.04;324.43
S;0;0;200.88;327.43
S;0;0;200.56;330.42
S;0;0;200.08;333.39
S;0;0;199.45;336.32
S;0;0;198.68;339.23
S;0;0;197.77;342.09
S;0;0;196.73;344.91
S;0;0;195.56;347.68
S;0;0;194.27;350.39
S;0;0;192.86;353.04
S;0;0;191.34;355.63
S;0;0;189.72;358.16
S;0;0;188.00;360.62
S;0;0;186.18;363.02
S;0;0;184.27;365.34
S;0;0;182.28;367.58
S;0;0;180.20;369.75
S;0;0;178.04;371.84
S;0;0;175.81;373.85
S;0;0;173.50;375.78
S;0;0;171.13;377.62
S;0;0;168.69;379.38
S;0;0;166.19;381.04
S;0;0;163.63;382.61
S;0;0;161.01;384.08
S;0;0;158.34;385.45
S;0;0;155.61;386.72
S;0;0;152.84;387.87
S;0;0;150.02;388.92
S;0;0;147.16;389.84
S;0;0;144.27;390.65
S;0;0;141.34;391.32
S;0;0;138.39;391.86
S;0;0;135.41;392.27
S;0;0;132.42;392.53
S;0;0;129.41;392.64
S;0;0;126.41;392.59
S;0;0;123.41;392.40
S;0;0;120.43;392.04
S;0;0;117.47;391.51
S;0;0;114.55;390.83
S;0;0;111.67;389.97
S;0;0;108.84;388.96
S;0;0;106.07;387.79
S;0;0;103.38;386.46
S;0;0;100.76;384.99
S;0;0;98.23;383.37
G;1;0000;7
S;1;1;121.04;301.29
S;1;1;124.03;301.77
S;1;1;127.04;302.11
S;1;1;130.06;302.36
S;1;1;133.09;302.53
S;1;1;136.12;302.65
S;1;1;139.15;302.74
S;1;1;142.18;302.80
S;1;1;145.21;302.86
S;1;1;148.24;302.92
S;1;1;151.27;303.00
S;1;1;154.30;303.11
S;1;1;157.32;303.26
S;1;1;160.35;303.47
S;1;1;163.37;303.74
S;1;1;166.38;304.09
S;1;1;169.37;304.54
S;1;1;172.35;305.11
S;1;1;175.30;305.81
S;1;1;178.21;306.66
S;1;1;181.05;307.70
S;1;1;183.82;308.94
S;1;1;186.47;310.40
S;1;1;188.98;312.09
S;1;1;191.31;314.03
S;1;1;193.43;316.20
S;1;1;195.30;318.58
S;1;0;137.78;217.49
S;1;0;140.65;216.64
S;1;0;143.53;215.82
S;1;0;146.42;215.02
S;1;0;149.32;214.25
S;1;0;152.22;213.50
S;1;0;155.13;212.77
S;1;0;158.04;212.06
S;1;0;160.96;211.38
S;1;0;163.88;210.71
S;1;0;166.81;210.07
S;1;0;169.74;209.45
S;1;0;172.67;208.85
S;1;0;175.62;208.28
S;1;0;178.56;207.74
S;1;0;181.52;207.23
S;1;0;184.47;206.75
S;1;0;187.44;206.30
S;1;0;190.41;205.89
S;1;0;193.38;205.53
S;1;0;196.36;205.21
S;1;0;199.34;204.95
S;1;0;202.34;204.76
S;1;0;205.33;204.64
S;1;0;208.33;204.62
S;1;0;211.32;204.71
S;1;0;214.31;204.95
S;1;0;217.27;205.39
S;1;0;220.18;206.11
S;1;0;222.78;207.48
S;1;0;223.44;210.34
S;1;0;222.89;213.28
S;1;0;221.94;216.12
S;1;0;220.80;218.90
S;1;0;219.56;221.63
S;1;0;218.28;224.34
S;1;0;216.99;227.04
S;1;0;215.72;229.75
S;1;0;214.46;232.47
S;1;0;213.11;235.15
S;1;0;211.70;237.79
S;1;0;210.22;240.39
S;1;0;208.68;242.97
S;1;0;207.10;245.51
S;1;0;205.47;248.03
S;1;0;203.82;250.53
S;1;0;202.14;253.01
S;1;0;200.44;255.48
S;1;0;198.73;257.94
S;1;0;197.01;260.39
S;1;0;195.29;262.85
S;1;0;193.58;265.31
S;1;0;191.88;267.78
S;1;0;190.21;270.26
S;1;0;188.55;272.76
S;1;0;186.90;275.26
S;1;0;185.25;277.76
S;1;0;183.60;280.26
S;1;0;181.95;282.76
S;1;0;180.30;285.27
S;1;0;178.66;287.77
S;1;0;177.02;290.28
S;1;0;175.38;292.79
S;1;0;173.75;295.30
S;1;0;172.12;297.82
S;1;0;170.49;300.33
S;1;0;168.86;302.85
S;1;0;167.24;305.37
S;1;0;165.63;307.89
S;1;0;164.01;310.42
S;1;0;162.41;312.95
S;1;0;160.80;315.48
S;1;0;159.20;318.01
S;1;0;157.61;320.55
S;1;0;156.02;323.09
S;1;0;154.44;325.64
S;1;0;152.86;328.18
S;1;0;151.28;330.74
S;1;0;149.72;333.29
S;1;0;148.16;335.85
S;1;0;146.60;338.41
S;1;0;145.06;340.98
S;1;0;143.51;343.54
S;1;0;141.95;346.10
S;1;0;140.40;348.67
S;1;0;138.87;351.25
S;1;0;137.38;353.84
S;1;0;135.92;356.46
S;1;0;134.51;359.10
S;1;0;133.15;361.77
S;1;0;131.84;364.47
S;1;0;130.60;367.20
S;1;0;129.43;369.96
S;1;0;128.35;372.75
S;1;0;127.37;375.58
S;1;0;126.49;378.45
S;1;0;125.74;381.35
S;1;0;125.15;384.29
S;1;0;124.72;387.25
S;1;0;124.51;390.24
S;1;0;124.54;393.24
S;1;0;124.85;396.22
S;1;0;125.47;399.14
S;1;0;126.45;401.97
S;1;0;127.79;404.65
S;1;0;129.47;407.13
S;1;0;131.47;409.36
G;2;0000;cap_B
S;2;2;120.72;296.74
S;2;2;123.70;296.31
S;2;2;126.66;295.81
S;2;2;129.61;295.24
S;2;2;132.56;294.62
S;2;2;135.49;293.95
S;2;2;138.41;293.26
S;2;2;141.33;292.54
S;2;2;144.25;291.81
S;2;2;147.17;291.08
S;2;2;150.09;290.36
S;2;2;153.01;289.66
S;2;2;155.94;289.00
S;2;2;158.88;288.37
S;2;2;161.84;287.79
S;2;2;164.80;287.28
S;2;2;167.77;286.84
S;2;2;170.76;286.49
S;2;2;173.76;286.24
S;2;2;176.76;286.10
S;2;2;179.77;286.07
S;2;2;182.77;286.18
S;2;2;185.77;286.43
S;2;2;188.75;286.83
S;2;2;191.71;287.36
S;2;2;194.64;288.03
S;2;2;197.54;288.83
S;2;2;200.40;289.75
S;2;2;203.22;290.80
S;2;2;205.99;291.97
S;2;2;208.71;293.25
S;2;2;211.37;294.66
S;2;2;213.96;296.17
S;2;2;216.49;297.81
S;2;2;218.93;299.55
S;2;2;221.30;301.41
S;2;2;223.57;303.39
S;2;2;225.72;305.48
S;2;2;227.76;307.69
S;2;2;229.65;310.03
S;2;2;231.38;312.49
S;2;2;232.94;315.06
S;2;2;234.32;317.73
S;2;2;235.52;320.49
S;2;2;236.51;323.32
S;2;2;237.31;326.22
S;2;2;237.90;329.17
S;2;2;238.31;332.15
S;2;2;238.52;335.15
S;2;2;238.55;338.15
S;2;2;238.41;341.16
S;2;2;238.10;344.15
S;2;2;237.65;347.12
S;2;2;237.04;350.07
S;2;2;236.31;352.98
S;2;2;235.45;355.86
S;2;2;234.47;358.71
S;2;2;233.38;361.51
S;2;2;232.20;364.27
S;2;2;230.91;366.99
S;2;2;229.54;369.67
S;2;2;228.08;372.30
S;2;2;226.54;374.88
S;2;2;224.93;377.42
S;2;2;223.25;379.91
S;2;2;221.49;382.35
S;2;2;219.68;384.75
S;2;2;217.80;387.09
S;2;2;215.86;389.39
S;2;2;213.86;391.64
S;2;2;211.81;393.84
S;2;2;209.70;395.98
S;2;2;207.54;398.07
S;2;2;205.33;400.11
S;2;2;203.07;402.10
S;2;2;200.77;404.03
S;2;2;198.41;405.90
S;2;2;196.01;407.71
S;2;2;193.57;409.46
S;2;2;191.08;411.15
S;2;2;188.55;412.77
S;2;2;185.97;414.33
S;2;2;183.36;415.81
S;2;2;180.70;417.21
S;2;2;178.00;418.54
S;2;2;175.27;419.79
S;2;2;172.49;420.95
S;2;2;169.68;422.02
S;2;2;166.84;423.00
S;2;2;163.96;423.87
S;2;2;161.06;424.64
S;2;2;158.12;425.30
S;2;2;155.16;425.83
S;2;2;152.18;426.24
S;2;2;149.19;426.52
S;2;2;146.19;426.66
S;2;2;143.18;426.65
S;2;2;140.18;426.49
S;2;2;137.19;426.18
S;2;2;134.22;425.70
S;2;2;131.28;425.06
S;2;2;128.39;424.24
S;2;2;125.55;423.27
S;2;2;122.77;422.12
S;2;2;120.06;420.81
S;2;2;117.43;419.35
S;2;2;114.89;417.74
S;2;2;112.45;415.99
S;2;2;110.10;414.11
S;2;2;107.86;412.10
S;2;2;105.72;409.99
S;2;2;103.69;407.78
S;2;2;101.76;405.47
S;2;1;162.72;170.39
S;2;1;165.44;169.12
S;2;1;168.26;168.04
S;2;1;171.12;167.13
S;2;1;174.02;166.33
S;2;1;176.95;165.65
S;2;1;179.90;165.05
S;2;1;182.87;164.55
S;2;1;185.84;164.12
S;2;1;188.83;163.76
S;2;1;191.83;163.49
S;2;1;194.83;163.28
S;2;1;197.83;163.15
S;2;1;200.84;163.09
S;2;1;203.85;163.12
S;2;1;206.86;163.22
S;2;1;209.86;163.40
S;2;1;212.86;163.67
S;2;1;215.84;164.04
S;2;1;218.81;164.51
S;2;1;221.76;165.10
S;2;1;224.69;165.81
S;2;1;227.57;166.66
S;2;1;230.41;167.66
S;2;1;233.18;168.84
S;2;1;235.85;170.22
S;2;1;238.40;171.81
S;2;1;240.78;173.65
S;2;1;242.93;175.75
S;2;1;244.80;178.11
S;2;1;246.31;180.71
S;2;1;247.42;183.50
S;2;1;248.11;186.43
S;2;1;248.41;189.42
S;2;1;248.36;192.43
S;2;1;248.12;195.42
S;2;1;247.70;198.40
S;2;1;247.11;201.35
S;2;1;246.38;204.27
S;2;1;245.51;207.15
S;2;1;244.51;209.99
S;2;1;243.39;212.78
S;2;1;242.17;215.53
S;2;1;240.85;218.23
S;2;1;239.44;220.89
S;2;1;237.94;223.50
S;2;1;236.37;226.07
S;2;1;234.73;228.59
S;2;1;233.02;231.06
S;2;1;231.24;233.49
S;2;1;229.41;235.88
S;2;1;227.52;238.22
S;2;1;225.59;240.52
S;2;1;223.60;242.78
S;2;1;221.57;245.00
S;2;1;219.49;247.18
S;2;1;217.38;249.32
S;2;1;215.22;251.41
S;2;1;213.02;253.47
S;2;1;210.79;255.49
S;2;1;208.53;257.47
S;2;1;206.22;259.40
S;2;1;203.89;261.30
S;2;1;201.52;263.16
S;2;1;199.12;264.98
S;2;1;196.69;266.75
S;2;1;194.24;268.48
S;2;1;191.75;270.17
S;2;1;189.23;271.82
S;2;1;186.68;273.42
S;2;1;184.11;274.98
S;2;1;181.51;276.49
S;2;1;178.87;277.95
S;2;1;176.22;279.36
S;2;1;173.53;280.71
S;2;1;170.82;282.01
S;2;1;168.08;283.25
S;2;1;165.31;284.43
S;2;1;162.51;285.54
S;2;1;159.69;286.58
S;2;1;156.84;287.55
S;2;1;153.96;288.43
S;2;1;151.06;289.22
S;2;1;148.13;289.92
S;2;1;145.18;290.50
S;2;1;142.21;290.97
S;2;1;139.22;291.31
S;2;1;136.22;291.50
S;2;0;172.91;166.94
S;2;0;171.28;169.45
S;2;0;169.72;172.00
S;2;0;168.22;174.60
S;2;0;166.78;177.22
S;2;0;165.39;179.87
S;2;0;164.04;182.54
S;2;0;162.74;185.23
S;2;0;161.47;187.94
S;2;0;160.23;190.67
S;2;0;159.03;193.41
S;2;0;157.85;196.16
S;2;0;156.70;198.92
S;2;0;155.57;201.69
S;2;0;154.46;204.48
S;2;0;153.38;207.26
S;2;0;152.31;210.06
S;2;0;151.25;212.86
S;2;0;150.22;215.67
S;2;0;149.19;218.48
S;2;0;148.18;221.30
S;2;0;147.18;224.12
S;2;0;146.19;226.94
S;2;0;145.20;229.77
S;2;0;144.23;232.60
S;2;0;143.26;235.43
S;2;0;142.30;238.26
S;2;0;141.34;241.10
S;2;0;140.38;243.93
S;2;0;139.42;246.77
S;2;0;138.47;249.60
S;2;0;137.51;252.44
S;2;0;136.55;255.28
S;2;0;135.59;258.11
S;2;0;134.62;260.94
S;2;0;133.65;263.77
S;2;0;132.66;266.60
S;2;0;131.66;269.42
S;2;0;130.65;272.23
S;2;0;129.62;275.05
S;2;0;128.57;277.85
S;2;0;127.50;280.64
S;2;0;126.41;283.43
S;2;0;125.30;286.21
S;2;0;124.17;288.98
S;2;0;123.03;291.75
S;2;0;121.88;294.51
S;2;0;120.71;297.26
S;2;0;119.53;300.02
S;2;0;118.34;302.76
S;2;0;117.14;305.50
S;2;0;115.94;308.24
S;2;0;114.73;310.98
S;2;0;113.51;313.72
S;2;0;112.29;316.45
S;2;0;111.07;319.18
S;2;0;109.85;321.91
S;2;0;108.63;324.64
S;2;0;107.41;327.38
S;2;0;106.19;330.11
S;2;0;104.98;332.85
S;2;0;103.77;335.59
S;2;0;102.57;338.33
S;2;0;101.38;341.07
S;2;0;100.20;343.82
S;2;0;99.02;346.58
S;2;0;97.87;349.34
S;2;0;96.72;352.10
S;2;0;95.59;354.87
S;2;0;94.48;357.65
S;2;0;93.38;360.43
S;2;0;92.30;363.23
S;2;0;91.24;366.03
S;2;0;90.21;368.83
S;2;0;89.20;371.65
S;2;0;88.21;374.48
S;2;0;87.25;377.31
S;2;0;86.31;380.15
S;2;0;85.41;383.01
S;2;0;84.53;385.87
S;2;0;83.69;388.74
S;2;0;82.88;391.62
S;2;0;82.10;394.51
G;3;0000;cap_E
S;3;2;122.57;293.69
S;3;2;125.56;294.22
S;3;2;128.58;294.55
S;3;2;131.61;294.71
S;3;2;134.64;294.73
S;3;2;137.68;294.62
S;3;2;140.71;294.42
S;3;2;143.73;294.12
S;3;2;146.75;293.75
S;3;2;149.75;293.32
S;3;2;152.75;292.82
S;3;2;155.74;292.27
S;3;2;158.71;291.68
S;3;2;161.68;291.04
S;3;2;164.65;290.37
S;3;2;167.60;289.67
S;3;2;170.55;288.94
S;3;2;173.49;288.18
S;3;2;176.43;287.41
S;3;2;179.36;286.61
S;3;2;182.28;285.79
S;3;2;185.20;284.96
S;3;2;188.12;284.12
S;3;2;191.03;283.26
S;3;2;193.95;282.40
S;3;2;196.86;281.53
S;3;2;199.76;280.65
S;3;2;202.67;279.77
S;3;2;205.58;278.89
S;3;2;208.48;278.01
S;3;2;211.39;277.13
S;3;2;214.30;276.25
S;3;2;217.21;275.39
S;3;2;220.12;274.53
S;3;2;223.04;273.68
S;3;2;225.96;272.85
S;3;1;161.17;184.60
S;3;1;164.07;183.84
S;3;1;166.99;183.19
S;3;1;169.93;182.62
S;3;1;172.88;182.09
S;3;1;175.83;181.61
S;3;1;178.80;181.16
S;3;1;181.76;180.73
S;3;1;184.73;180.32
S;3;1;187.70;179.93
S;3;1;190.67;179.56
S;3;1;193.64;179.19
S;3;1;196.61;178.84
S;3;1;199.59;178.49
S;3;1;202.56;178.15
S;3;1;205.54;177.81
S;3;1;208.51;177.47
S;3;1;211.49;177.12
S;3;1;214.46;176.77
S;3;1;217.43;176.39
S;3;1;220.40;175.96
S;3;1;223.35;175.45
S;3;1;226.29;174.88
S;3;1;229.22;174.27
S;3;1;232.15;173.64
S;3;1;235.07;172.98
S;3;1;237.99;172.33
S;3;1;240.92;171.70
S;3;1;243.85;171.09
S;3;1;246.80;170.53
S;3;1;249.75;170.03
S;3;1;252.71;169.61
S;3;1;255.69;169.29
S;3;1;258.68;169.07
S;3;1;261.67;168.97
S;3;1;264.67;169.01
S;3;1;267.65;169.20
S;3;1;270.63;169.54
S;3;0;181.34;173.93
S;3;0;178.60;175.14
S;3;0;176.04;176.71
S;3;0;173.65;178.52
S;3;0;171.39;180.50
S;3;0;169.25;182.61
S;3;0;167.21;184.81
S;3;0;165.24;187.08
S;3;0;163.35;189.41
S;3;0;161.51;191.78
S;3;0;159.73;194.20
S;3;0;157.99;196.64
S;3;0;156.29;199.12
S;3;0;154.63;201.62
S;3;0;153.00;204.14
S;3;0;151.39;206.68
S;3;0;149.82;209.23
S;3;0;148.26;211.80
S;3;0;146.73;214.38
S;3;0;145.22;216.98
S;3;0;143.73;219.58
S;3;0;142.25;222.19
S;3;0;140.78;224.81
S;3;0;139.33;227.44
S;3;0;137.89;230.08
S;3;0;136.46;232.72
S;3;0;135.04;235.36
S;3;0;133.62;238.01
S;3;0;132.21;240.66
S;3;0;130.81;243.32
S;3;0;129.41;245.97
S;3;0;128.01;248.63
S;3;0;126.60;251.28
S;3;0;125.20;253.93
S;3;0;123.78;256.58
S;3;0;122.35;259.22
S;3;0;120.90;261.85
S;3;0;119.41;264.46
S;3;0;117.87;267.03
S;3;0;116.28;269.58
S;3;0;114.69;272.12
S;3;0;113.10;274.67
S;3;0;111.52;277.23
S;3;0;109.95;279.79
S;3;0;108.40;282.36
S;3;0;106.86;284.94
S;3;0;105.35;287.53
S;3;0;103.85;290.13
S;3;0;102.38;292.75
S;3;0;100.93;295.38
S;3;0;99.52;298.03
S;3;0;98.13;300.69
S;3;0;96.79;303.37
S;3;0;95.48;306.08
S;3;0;94.21;308.80
S;3;0;93.00;311.54
S;3;0;91.83;314.31
S;3;0;90.71;317.10
S;3;0;89.65;319.91
S;3;0;88.66;322.74
S;3;0;87.73;325.60
S;3;0;86.88;328.47
S;3;0;86.11;331.38
S;3;0;85.42;334.30
S;3;0;84.82;337.24
S;3;0;84.31;340.20
S;3;0;83.91;343.17
S;3;0;83.62;346.16
S;3;0;83.45;349.16
S;3;0;83.39;352.16
S;3;0;83.46;355.16
S;3;0;83.66;358.16
S;3;0;84.00;361.14
S;3;0;84.47;364.11
S;3;0;85.09;367.04
S;3;0;85.84;369.95
S;3;0;86.73;372.82
S;3;0;87.78;375.63
S;3;0;88.98;378.38
S;3;0;90.35;381.05
S;3;0;91.89;383.63
S;3;0;93.60;386.09
S;3;0;95.48;388.44
S;3;0;97.52;390.64
S;3;0;99.71;392.69
S;3;0;102.04;394.58
S;3;0;104.50;396.30
S;3;0;107.07;397.86
S;3;0;109.73;399.24
S;3;0;112.48;400.46
S;3;0;115.29;401.52
S;3;0;118.15;402.43
S;3;0;121.05;403.19
S;3;0;123.99;403.82
S;3;0;126.95;404.31
S;3;0;129.93;404.69
S;3;0;132.92;404.95
S;3;0;135.92;405.11
S;3;0;138.92;405.16
S;3;0;141.92;405.13
S;3;0;144.92;405.01
S;3;0;147.92;404.81
S;3;0;150.90;404.53
S;3;0;153.89;404.17
S;3;0;156.86;403.75
S;3;0;159.82;403.27
S;3;0;162.77;402.72
S;3;0;165.71;402.11
S;3;0;168.64;401.44
S;3;0;171.56;400.72
S;3;0;174.46;399.95
S;3;0;177.35;399.13
S;3;0;180.22;398.26
S;3;0;183.08;397.34
S;3;0;185.92;396.37
S;3;0;188.75;395.36
S;3;0;191.56;394.30
S;3;0;194.35;393.20
S;3;0;197.13;392.06
S;3;0;199.88;390.87
S;3;0;202.62;389.64
S;3;0;205.34;388.37
S;3;0;208.04;387.05
S;3;0;210.71;385.69
S;3;0;213.37;384.28
S;3;0;216.00;382.83
S;3;0;218.60;381.34
S;3;0;221.17;379.79
S;3;0;223.72;378.19
S;3;0;226.23;376.55
S;3;0;228.70;374.85
S;3;0;231.13;373.09
S;3;0;233.52;371.26
S;3;0;235.85;369.38
S;3;0;238.13;367.41
S;3;0;240.33;365.37
S;3;0;242.44;363.24
G;4;0000;cap_F
S;4;2;128.48;283.37
S;4;2;131.44;283.87
S;4;2;134.40;284.31
S;4;2;137.38;284.69
S;4;2;140.36;285.02
S;4;2;143.34;285.30
S;4;2;146.33;285.53
S;4;2;149.32;285.71
S;4;2;152.32;285.86
S;4;2;155.32;285.96
S;4;2;158.31;286.02
S;4;2;161.31;286.04
S;4;2;164.31;286.03
S;4;2;167.31;285.99
S;4;2;170.30;285.91
S;4;2;173.30;285.81
S;4;2;176.30;285.67
S;4;2;179.29;285.51
S;4;2;182.28;285.32
S;4;2;185.27;285.11
S;4;2;188.26;284.88
S;4;2;191.25;284.63
S;4;2;194.24;284.35
S;4;2;197.22;284.06
S;4;2;200.20;283.75
S;4;2;203.18;283.43
S;4;2;206.16;283.10
S;4;2;209.14;282.75
S;4;2;212.12;282.39
S;4;2;215.09;282.03
S;4;2;218.07;281.66
S;4;2;221.05;281.28
S;4;2;224.02;280.91
S;4;2;227.00;280.54
S;4;2;229.97;280.18
S;4;2;232.95;279.83
S;4;2;235.93;279.50
S;4;0;169.50;175.60
S;4;0;168.27;178.34
S;4;0;167.04;181.09
S;4;0;165.82;183.84
S;4;0;164.59;186.58
S;4;0;163.37;189.33
S;4;0;162.15;192.08
S;4;0;160.93;194.83
S;4;0;159.71;197.58
S;4;0;158.50;200.33
S;4;0;157.28;203.09
S;4;0;156.07;205.84
S;4;0;154.86;208.59
S;4;0;153.66;211.35
S;4;0;152.45;214.11
S;4;0;151.25;216.86
S;4;0;150.05;219.62
S;4;0;148.86;222.38
S;4;0;147.66;225.14
S;4;0;146.47;227.91
S;4;0;145.29;230.67
S;4;0;144.10;233.44
S;4;0;142.92;236.20
S;4;0;141.74;238.97
S;4;0;140.57;241.74
S;4;0;139.40;244.51
S;4;0;138.23;247.28
S;4;0;137.07;250.06
S;4;0;135.91;252.83
S;4;0;134.76;255.61
S;4;0;133.60;258.39
S;4;0;132.46;261.17
S;4;0;131.32;263.95
S;4;0;130.18;266.74
S;4;0;129.05;269.53
S;4;0;127.92;272.32
S;4;0;126.80;275.11
S;4;0;125.68;277.90
S;4;0;124.57;280.69
S;4;0;123.46;283.49
S;4;0;122.36;286.29
S;4;0;121.27;289.09
S;4;0;120.18;291.90
S;4;0;119.10;294.71
S;4;0;118.02;297.51
S;4;0;116.96;300.33
S;4;0;115.90;303.14
S;4;0;114.84;305.96
S;4;0;113.80;308.78
S;4;0;112.76;311.60
S;4;0;111.74;314.43
S;4;0;110.72;317.26
S;4;0;109.71;320.10
S;4;0;108.71;322.93
S;4;0;107.72;325.77
S;4;0;106.74;328.62
S;4;0;105.77;331.47
S;4;0;104.81;334.32
S;4;0;103.87;337.17
S;4;0;102.93;340.03
S;4;0;102.02;342.90
S;4;0;101.43;345.84
S;4;0;100.79;348.78
S;4;0;100.05;351.70
S;4;0;99.23;354.59
S;4;0;98.33;357.47
S;4;0;97.38;360.32
S;4;0;96.38;363.15
S;4;0;95.34;365.98
S;4;0;94.27;368.79
S;4;0;93.18;371.59
S;4;0;92.08;374.39
S;4;0;90.98;377.19
S;4;0;89.88;379.99
S;4;0;88.80;382.80
S;4;0;87.74;385.61
S;4;0;86.71;388.44
S;4;0;85.71;391.28
S;4;0;84.76;394.13
S;4;0;83.87;397.00
S;4;0;83.04;399.90
S;4;0;82.28;402.81
S;4;0;81.61;405.74
S;4;0;81.03;408.69
S;4;0;80.55;411.66
S;4;0;80.19;414.65
S;4;1;120.98;190.34
S;4;1;123.87;189.54
S;4;1;126.79;188.87
S;4;1;129.72;188.26
S;4;1;132.66;187.70
S;4;1;135.61;187.17
S;4;1;138.56;186.65
S;4;1;141.51;186.14
S;4;1;144.47;185.63
S;4;1;147.42;185.14
S;4;1;150.38;184.64
S;4;1;153.33;184.14
S;4;1;156.28;183.63
S;4;1;159.23;183.11
S;4;1;162.18;182.58
S;4;1;165.13;182.03
S;4;1;168.07;181.47
S;4;1;171.00;180.87
S;4;1;173.93;180.23
S;4;1;176.85;179.55
S;4;1;179.76;178.85
S;4;1;182.68;178.17
S;4;1;185.61;177.53
S;4;1;188.54;176.91
S;4;1;191.47;176.32
S;4;1;194.42;175.76
S;4;1;197.37;175.23
S;4;1;200.32;174.74
S;4;1;203.28;174.28
S;4;1;206.25;173.85
S;4;1;209.22;173.46
S;4;1;212.19;173.11
S;4;1;215.17;172.80
S;4;1;218.16;172.53
S;4;1;221.14;172.31
S;4;1;224.13;172.13
S;4;1;227.13;171.99
S;4;1;230.12;171.90
S;4;1;233.12;171.87
S;4;1;236.11;171.88
S;4;1;239.11;171.95
S;4;1;242.10;172.07
S;4;1;245.09;172.25
S;4;1;248.08;172.49
S;4;1;251.06;172.80
S;4;1;254.03;173.16
S;4;1;257.00;173.60
S;4;1;259.95;174.10
S;4;1;262.89;174.67
S;4;1;265.82;175.31
S;4;1;268.73;176.03
S;4;1;271.62;176.82
S;4;1;274.48;177.69
S;4;1;277.33;178.63
S;4;1;280.14;179.66
G;5;0000;cap_I
S;5;2;68.51;405.41
S;5;2;71.52;405.55
S;5;2;74.54;405.62
S;5;2;77.56;405.63
S;5;2;80.58;405.59
S;5;2;83.59;405.49
S;5;2;86.60;405.35
S;5;2;89.62;405.17
S;5;2;92.63;404.96
S;5;2;95.64;404.73
S;5;2;98.64;404.47
S;5;2;101.65;404.20
S;5;2;104.65;403.92
S;5;2;107.66;403.63
S;5;2;110.66;403.35
S;5;2;113.67;403.08
S;5;2;116.67;402.82
S;5;2;119.68;402.58
S;5;2;122.69;402.36
S;5;2;125.70;402.18
S;5;2;128.71;402.03
S;5;2;131.73;401.93
S;5;2;134.75;401.90
S;5;2;137.76;401.92
S;5;2;140.78;401.98
S;5;2;143.80;402.08
S;5;2;146.81;402.19
S;5;2;149.83;402.31
S;5;2;152.84;402.42
S;5;2;155.86;402.52
S;5;2;158.88;402.60
S;5;2;161.89;402.64
S;5;2;164.91;402.63
S;5;2;167.93;402.57
S;5;2;170.94;402.45
S;5;2;173.95;402.24
S;5;2;176.95;401.94
S;5;2;179.94;401.53
S;5;2;182.91;401.00
S;5;2;185.86;400.33
S;5;2;188.76;399.51
S;5;1;190.72;173.72
S;5;1;189.94;176.63
S;5;1;189.15;179.54
S;5;1;188.36;182.45
S;5;1;187.56;185.36
S;5;1;186.76;188.27
S;5;1;185.95;191.18
S;5;1;185.14;194.08
S;5;1;184.32;196.99
S;5;1;183.50;199.89
S;5;1;182.68;202.79
S;5;1;181.85;205.69
S;5;1;181.01;208.59
S;5;1;180.17;211.49
S;5;1;179.33;214.38
S;5;1;178.49;217.28
S;5;1;177.64;220.17
S;5;1;176.79;223.07
S;5;1;175.93;225.96
S;5;1;175.07;228.85
S;5;1;174.21;231.74
S;5;1;173.35;234.64
S;5;1;172.48;237.52
S;5;1;171.62;240.41
S;5;1;170.75;243.30
S;5;1;169.87;246.19
S;5;1;169.00;249.08
S;5;1;168.12;251.96
S;5;1;167.25;254.85
S;5;1;166.37;257.74
S;5;1;165.49;260.62
S;5;1;164.60;263.51
S;5;1;163.72;266.39
S;5;1;162.84;269.27
S;5;1;161.95;272.16
S;5;1;161.06;275.04
S;5;1;160.17;277.92
S;5;1;159.29;280.81
S;5;1;158.40;283.69
S;5;1;157.51;286.57
S;5;1;156.62;289.45
S;5;1;155.73;292.34
S;5;1;154.84;295.22
S;5;1;153.95;298.10
S;5;1;153.05;300.98
S;5;1;152.16;303.86
S;5;1;151.27;306.75
S;5;1;150.38;309.63
S;5;1;149.49;312.51
S;5;1;148.60;315.39
S;5;1;147.72;318.28
S;5;1;146.83;321.16
S;5;1;145.94;324.04
S;5;1;145.05;326.93
S;5;1;144.17;329.81
S;5;1;143.29;332.69
S;5;1;142.40;335.58
S;5;1;141.52;338.46
S;5;1;140.64;341.35
S;5;1;139.76;344.24
S;5;1;138.89;347.12
S;5;1;138.01;350.01
S;5;1;137.14;352.90
S;5;1;136.27;355.79
S;5;1;135.41;358.67
S;5;1;134.54;361.56
S;5;1;133.68;364.46
S;5;1;132.82;367.35
S;5;1;131.96;370.24
S;5;1;131.11;373.13
S;5;1;130.26;376.03
S;5;1;129.41;378.92
S;5;1;128.57;381.82
S;5;1;127.73;384.72
S;5;1;126.89;387.61
S;5;1;126.06;390.51
S;5;1;125.23;393.41
S;5;1;124.41;396.32
S;5;1;123.59;399.22
S;5;0;126.11;191.88
S;5;0;129.04;191.20
S;5;0;131.96;190.43
S;5;0;134.86;189.61
S;5;0;137.75;188.78
S;5;0;140.65;187.95
S;5;0;143.56;187.17
S;5;0;146.49;186.46
S;5;0;149.44;185.86
S;5;0;152.41;185.39
S;5;0;155.40;185.01
S;5;0;158.39;184.62
S;5;0;161.38;184.22
S;5;0;164.36;183.81
S;5;0;167.34;183.38
S;5;0;170.32;182.94
S;5;0;173.30;182.48
S;5;0;176.28;182.02
S;5;0;179.26;181.55
S;5;0;182.23;181.07
S;5;0;185.20;180.58
S;5;0;188.18;180.09
S;5;0;191.15;179.61
S;5;0;194.12;179.13
S;5;0;197.10;178.65
S;5;0;200.08;178.19
S;5;0;203.06;177.74
S;5;0;206.04;177.32
S;5;0;209.02;176.91
S;5;0;212.01;176.54
S;5;0;215.01;176.19
S;5;0;218.00;175.87
S;5;0;221.00;175.58
S;5;0;224.00;175.33
S;5;0;227.01;175.10
S;5;0;230.01;174.91
S;5;0;233.02;174.75
S;5;0;236.03;174.61
S;5;0;239.04;174.50
S;5;0;242.05;174.42
S;5;0;245.07;174.37
S;5;0;248.08;174.33
S;5;0;251.09;174.32
S;5;0;254.10;174.33
S;5;0;257.12;174.36
S;5;0;260.13;174.40
G;6;0000;cap_R
S;6;2;133.54;305.11
S;6;2;133.86;308.07
S;6;2;134.32;311.00
S;6;2;134.90;313.92
S;6;2;135.60;316.81
S;6;2;136.41;319.67
S;6;2;137.32;322.50
S;6;2;138.34;325.30
S;6;2;139.44;328.06
S;6;2;140.63;330.78
S;6;2;141.90;333.47
S;6;2;143.25;336.13
S;6;2;144.66;338.74
S;6;2;146.14;341.32
S;6;2;147.68;343.86
S;6;2;149.28;346.37
S;6;2;150.93;348.84
S;6;2;152.63;351.28
S;6;2;154.38;353.69
S;6;2;156.17;356.06
S;6;2;158.01;358.41
S;6;2;159.88;360.72
S;6;2;161.79;363.00
S;6;2;163.73;365.25
S;6;2;165.70;367.47
S;6;2;167.71;369.67
S;6;2;169.74;371.84
S;6;2;171.81;373.98
S;6;2;173.90;376.10
S;6;2;176.01;378.19
S;6;2;178.15;380.25
S;6;2;180.31;382.30
S;6;2;182.49;384.32
S;6;2;184.70;386.31
S;6;2;186.92;388.29
S;6;2;189.16;390.24
S;6;2;191.43;392.17
S;6;2;193.71;394.08
S;6;2;196.00;395.97
S;6;2;198.31;397.84
S;6;2;200.64;399.69
S;6;2;202.99;401.52
S;6;2;205.35;403.33
S;6;2;207.72;405.12
S;6;2;210.11;406.89
S;6;2;212.51;408.64
S;6;2;214.93;410.38
S;6;2;217.36;412.09
S;6;2;219.80;413.79
S;6;2;222.26;415.46
S;6;2;224.73;417.12
S;6;2;227.21;418.76
S;6;2;229.70;420.38
S;6;2;232.21;421.99
S;6;2;234.73;423.57
S;6;2;237.26;425.13
S;6;2;239.80;426.67
S;6;1;165.85;172.33
S;6;1;168.79;171.68
S;6;1;171.75;171.12
S;6;1;174.72;170.64
S;6;1;177.71;170.24
S;6;1;180.70;169.90
S;6;1;183.70;169.63
S;6;1;186.71;169.41
S;6;1;189.71;169.25
S;6;1;192.72;169.14
S;6;1;195.74;169.08
S;6;1;198.75;169.07
S;6;1;201.76;169.12
S;6;1;204.77;169.22
S;6;1;207.78;169.36
S;6;1;210.78;169.56
S;6;1;213.79;169.81
S;6;1;216.78;170.12
S;6;1;219.77;170.48
S;6;1;222.75;170.90
S;6;1;225.73;171.38
S;6;1;228.69;171.92
S;6;1;231.64;172.53
S;6;1;234.57;173.21
S;6;1;237.49;173.97
S;6;1;240.38;174.81
S;6;1;243.25;175.74
S;6;1;246.08;176.76
S;6;1;248.88;177.88
S;6;1;251.62;179.12
S;6;1;254.31;180.48
S;6;1;256.93;181.97
S;6;1;259.46;183.60
S;6;1;261.87;185.40
S;6;1;264.16;187.36
S;6;1;266.27;189.51
S;6;1;268.18;191.84
S;6;1;269.84;194.35
S;6;1;271.23;197.02
S;6;1;272.30;199.83
S;6;1;273.04;202.75
S;6;1;273.44;205.73
S;6;1;273.53;208.74
S;6;1;273.33;211.75
S;6;1;272.86;214.72
S;6;1;272.17;217.65
S;6;1;271.28;220.53
S;6;1;270.22;223.35
S;6;1;269.01;226.11
S;6;1;267.67;228.81
S;6;1;266.22;231.45
S;6;1;264.68;234.03
S;6;1;263.05;236.57
S;6;1;261.35;239.05
S;6;1;259.59;241.50
S;6;1;257.77;243.89
S;6;1;255.88;246.24
S;6;1;253.94;248.54
S;6;1;251.93;250.79
S;6;1;249.87;252.99
S;6;1;247.76;255.14
S;6;1;245.60;257.23
S;6;1;243.38;259.27
S;6;1;241.12;261.26
S;6;1;238.81;263.19
S;6;1;236.45;265.07
S;6;1;234.06;266.90
S;6;1;231.62;268.67
S;6;1;229.15;270.39
S;6;1;226.64;272.06
S;6;1;224.10;273.68
S;6;1;221.53;275.24
S;6;1;218.93;276.76
S;6;1;216.29;278.22
S;6;1;213.64;279.64
S;6;1;210.96;281.02
S;6;1;208.25;282.34
S;6;1;205.53;283.63
S;6;1;202.78;284.87
S;6;1;200.02;286.07
S;6;1;197.24;287.23
S;6;1;194.44;288.35
S;6;1;191.63;289.43
S;6;1;188.81;290.47
S;6;1;185.97;291.48
S;6;1;183.12;292.46
S;6;1;180.26;293.40
S;6;1;177.39;294.32
S;6;1;174.51;295.20
S;6;1;171.62;296.05
S;6;1;168.73;296.88
S;6;1;165.82;297.68
S;6;1;162.91;298.46
S;6;1;160.00;299.21
S;6;1;157.07;299.94
S;6;1;154.15;300.65
S;6;1;151.21;301.34
S;6;1;148.28;302.01
S;6;1;145.34;302.66
S;6;1;142.39;303.29
S;6;1;139.44;303.91
S;6;1;136.49;304.52
S;6;1;133.54;305.11
S;6;0;188.85;170.89
S;6;0;186.65;172.91
S;6;0;184.63;175.12
S;6;0;182.77;177.46
S;6;0;181.05;179.91
S;6;0;179.45;182.44
S;6;0;177.95;185.03
S;6;0;176.55;187.67
S;6;0;175.22;190.36
S;6;0;173.96;193.07
S;6;0;172.76;195.81
S;6;0;171.61;198.57
S;6;0;170.50;201.35
S;6;0;169.43;204.15
S;6;0;168.40;206.95
S;6;0;167.39;209.77
S;6;0;166.40;212.60
S;6;0;165.44;215.43
S;6;0;164.48;218.27
S;6;0;163.54;221.11
S;6;0;162.60;223.95
S;6;0;161.67;226.79
S;6;0;160.72;229.63
S;6;0;159.76;232.46
S;6;0;158.79;235.29
S;6;0;157.78;238.11
S;6;0;156.72;240.91
S;6;0;155.61;243.69
S;6;0;154.48;246.46
S;6;0;153.34;249.23
S;6;0;152.21;252.00
S;6;0;151.08;254.77
S;6;0;149.95;257.54
S;6;0;148.82;260.31
S;6;0;147.69;263.08
S;6;0;146.55;265.85
S;6;0;145.42;268.62
S;6;0;144.29;271.39
S;6;0;143.16;274.16
S;6;0;142.03;276.93
S;6;0;140.90;279.70
S;6;0;139.77;282.47
S;6;0;138.64;285.24
S;6;0;137.51;288.01
S;6;0;136.38;290.78
S;6;0;135.25;293.55
S;6;0;134.12;296.32
S;6;0;132.99;299.10
S;6;0;131.86;301.87
S;6;0;130.73;304.64
S;6;0;129.60;307.41
S;6;0;128.47;310.18
S;6;0;127.34;312.95
S;6;0;126.22;315.72
S;6;0;125.09;318.50
S;6;0;123.96;321.27
S;6;0;122.84;324.04
S;6;0;121.71;326.81
S;6;0;120.58;329.59
S;6;0;119.46;332.36
S;6;0;118.33;335.13
S;6;0;117.21;337.90
S;6;0;116.08;340.68
S;6;0;114.96;343.45
S;6;0;113.84;346.23
S;6;0;112.72;349.00
S;6;0;111.59;351.77
S;6;0;110.47;354.55
S;6;0;109.35;357.32
S;6;0;108.23;360.10
S;6;0;107.11;362.87
S;6;0;106.00;365.65
S;6;0;104.88;368.42
S;6;0;103.76;371.20
S;6;0;102.64;373.98
S;6;0;101.53;376.75
S;6;0;100.41;379.53
S;6;0;99.30;382.31
S;6;0;98.18;385.08
S;6;0;97.07;387.86
S;6;0;95.96;390.64
S;6;0;94.85;393.42
S;6;0;93.74;396.20
S;6;0;92.63;398.98
S;6;0;91.52;401.75
S;6;0;90.41;404.53
S;6;0;89.30;407.31
S;6;0;88.20;410.09
S;6;0;87.09;412.88
S;6;0;85.99;415.66
S;6;0;84.88;418.44
S;6;0;83.78;421.22
G;7;0000;cap_V
S;7;1;146.92;417.20
S;7;1;148.26;414.51
S;7;1;149.59;411.82
S;7;1;150.92;409.12
S;7;1;152.24;406.42
S;7;1;153.56;403.72
S;7;1;154.87;401.02
S;7;1;156.17;398.31
S;7;1;157.47;395.60
S;7;1;158.76;392.89
S;7;1;160.05;390.18
S;7;1;161.34;387.46
S;7;1;162.62;384.74
S;7;1;163.90;382.02
S;7;1;165.17;379.30
S;7;1;166.44;376.58
S;7;1;167.71;373.85
S;7;1;168.97;371.13
S;7;1;170.23;368.40
S;7;1;171.49;365.67
S;7;1;172.75;362.94
S;7;1;174.01;360.21
S;7;1;175.26;357.48
S;7;1;176.51;354.75
S;7;1;177.76;352.02
S;7;1;179.01;349.28
S;7;1;180.26;346.55
S;7;1;181.51;343.82
S;7;1;182.76;341.09
S;7;1;184.01;338.35
S;7;1;185.26;335.62
S;7;1;186.51;332.89
S;7;1;187.77;330.16
S;7;1;189.02;327.43
S;7;1;190.27;324.70
S;7;1;191.53;321.97
S;7;1;192.79;319.24
S;7;1;194.05;316.51
S;7;1;195.31;313.78
S;7;1;196.58;311.06
S;7;1;197.85;308.34
S;7;1;199.12;305.61
S;7;1;200.39;302.89
S;7;1;201.67;300.17
S;7;1;202.96;297.46
S;7;1;204.24;294.74
S;7;1;205.53;292.03
S;7;1;206.83;289.32
S;7;1;208.13;286.61
S;7;1;209.44;283.90
S;7;1;210.75;281.20
S;7;1;212.07;278.50
S;7;1;213.39;275.80
S;7;1;214.72;273.11
S;7;1;216.06;270.42
S;7;1;217.40;267.73
S;7;1;218.75;265.04
S;7;1;220.11;262.36
S;7;1;221.48;259.69
S;7;1;222.85;257.01
S;7;1;224.23;254.34
S;7;1;225.62;251.68
S;7;1;227.01;249.02
S;7;1;228.42;246.36
S;7;1;229.83;243.71
S;7;1;231.26;241.07
S;7;1;232.69;238.42
S;7;1;234.13;235.79
S;7;1;235.59;233.16
S;7;1;237.05;230.53
S;7;1;238.52;227.91
S;7;1;240.00;225.30
S;7;1;241.50;222.69
S;7;1;243.00;220.09
S;7;1;244.52;217.50
S;7;1;246.05;214.91
S;7;1;247.59;212.33
S;7;1;249.14;209.76
S;7;1;250.70;207.19
S;7;1;252.28;204.63
S;7;1;253.86;202.08
S;7;1;255.46;199.54
S;7;1;257.08;197.00
S;7;1;258.70;194.48
S;7;1;260.34;191.96
S;7;1;262.00;189.45
S;7;1;263.66;186.95
S;7;1;265.34;184.46
S;7;1;267.04;181.98
S;7;1;268.74;179.50
S;7;1;270.47;177.04
S;7;1;272.20;174.59
S;7;1;273.96;172.15
S;7;1;275.72;169.72
S;7;1;277.50;167.30
S;7;1;279.30;164.89
S;7;1;281.11;162.49
S;7;0;142.48;159.84
S;7;0;142.46;162.85
S;7;0;142.39;165.86
S;7;0;142.29;168.88
S;7;0;142.15;171.88
S;7;0;141.98;174.89
S;7;0;141.79;177.90
S;7;0;141.58;180.90
S;7;0;141.34;183.91
S;7;0;141.09;186.91
S;7;0;140.82;189.91
S;7;0;140.53;192.91
S;7;0;140.23;195.91
S;7;0;139.92;198.90
S;7;0;139.60;201.90
S;7;0;139.27;204.89
S;7;0;138.93;207.89
S;7;0;138.58;210.88
S;7;0;138.23;213.87
S;7;0;137.88;216.86
S;7;0;137.52;219.85
S;7;0;137.15;222.84
S;7;0;136.79;225.83
S;7;0;136.42;228.82
S;7;0;136.05;231.81
S;7;0;135.68;234.80
S;7;0;135.31;237.79
S;7;0;134.94;240.78
S;7;0;134.57;243.77
S;7;0;134.21;246.76
S;7;0;133.84;249.75
S;7;0;133.48;252.74
S;7;0;133.13;255.74
S;7;0;132.78;258.73
S;7;0;132.43;261.72
S;7;0;132.09;264.71
S;7;0;131.76;267.71
S;7;0;131.43;270.70
S;7;0;131.11;273.70
S;7;0;130.80;276.69
S;7;0;130.49;279.69
S;7;0;130.20;282.69
S;7;0;129.91;285.69
S;7;0;129.64;288.69
S;7;0;129.37;291.69
S;7;0;129.12;294.69
S;7;0;128.88;297.69
S;7;0;128.65;300.70
S;7;0;128.44;303.70
S;7;0;128.24;306.71
S;7;0;128.06;309.72
S;7;0;127.90;312.72
S;7;0;127.75;315.73
S;7;0;127.62;318.74
S;7;0;127.51;321.75
S;7;0;127.42;324.76
S;7;0;127.35;327.78
S;7;0;127.30;330.79
S;7;0;127.28;333.80
S;7;0;127.28;336.81
S;7;0;127.31;339.83
S;7;0;127.36;342.84
S;7;0;127.45;345.85
S;7;0;127.57;348.86
S;7;0;127.72;351.87
S;7;0;127.90;354.87
S;7;0;128.12;357.88
S;7;0;128.38;360.88
S;7;0;128.68;363.88
S;7;0;129.03;366.87
S;7;0;129.42;369.86
S;7;0;129.86;372.84
S;7;0;130.36;375.81
S;7;0;130.91;378.77
S;7;0;131.52;381.72
S;7;0;132.19;384.66
S;7;0;132.93;387.58
S;7;0;133.74;390.48
S;7;0;134.63;393.36
S;7;0;135.60;396.21
S;7;0;136.65;399.03
S;7;0;137.79;401.82
S;7;0;139.04;404.56
S;7;0;140.38;407.26
S;7;0;141.83;409.90
S;7;0;143.39;412.48
S;7;0;145.06;414.98
G;8;0000;a
S;8;1;178.28;325.01
S;8;1;179.39;327.83
S;8;1;180.49;330.65
S;8;1;181.58;333.48
S;8;1;182.68;336.30
S;8;1;183.80;339.12
S;8;1;184.94;341.93
S;8;1;186.11;344.72
S;8;1;187.33;347.50
S;8;1;188.60;350.25
S;8;1;189.93;352.97
S;8;1;191.34;355.66
S;8;1;192.83;358.29
S;8;1;194.42;360.87
S;8;1;196.12;363.39
S;8;1;197.93;365.82
S;8;1;199.86;368.15
S;8;1;201.93;370.37
S;8;1;204.13;372.45
S;8;1;206.46;374.38
S;8;1;208.93;376.14
S;8;1;211.51;377.72
S;8;1;214.21;379.09
S;8;1;217.01;380.27
S;8;1;219.88;381.23
S;8;1;222.81;382.00
S;8;0;180.34;323.98
S;8;0;178.34;326.23
S;8;0;176.29;328.44
S;8;0;174.22;330.62
S;8;0;172.11;332.78
S;8;0;169.98;334.91
S;8;0;167.83;337.01
S;8;0;165.65;339.10
S;8;0;163.46;341.17
S;8;0;161.25;343.22
S;8;0;159.03;345.25
S;8;0;156.80;347.27
S;8;0;154.55;349.28
S;8;0;152.29;351.27
S;8;0;150.02;353.26
S;8;0;147.75;355.24
S;8;0;145.47;357.21
S;8;0;143.20;359.18
S;8;0;140.91;361.14
S;8;0;138.64;363.12
S;8;0;136.38;365.12
S;8;0;134.12;367.11
S;8;0;131.84;369.08
S;8;0;129.54;371.03
S;8;0;127.22;372.95
S;8;0;124.85;374.81
S;8;0;122.45;376.62
S;8;0;119.99;378.37
S;8;0;117.47;380.02
S;8;0;114.88;381.57
S;8;0;112.23;382.98
S;8;0;109.49;384.24
S;8;0;106.66;385.29
S;8;0;103.76;386.09
S;8;0;100.79;386.56
S;8;0;97.78;386.66
S;8;0;94.79;386.31
S;8;0;91.89;385.48
S;8;0;89.23;384.09
S;8;0;87.04;382.04
S;8;0;85.52;379.45
S;8;0;84.70;376.55
S;8;0;84.43;373.56
S;8;0;84.56;370.55
S;8;0;84.99;367.57
S;8;0;85.64;364.62
S;8;0;86.45;361.72
S;8;0;87.40;358.86
S;8;0;88.46;356.04
S;8;0;89.61;353.26
S;8;0;90.83;350.50
S;8;0;92.11;347.78
S;8;0;93.45;345.08
S;8;0;94.85;342.41
S;8;0;96.28;339.76
S;8;0;97.75;337.13
S;8;0;99.24;334.51
S;8;0;100.76;331.91
S;8;0;102.30;329.32
S;8;0;103.88;326.75
S;8;0;105.48;324.20
S;8;0;107.11;321.67
S;8;0;108.78;319.16
S;8;0;110.48;316.67
S;8;0;112.22;314.21
S;8;0;114.00;311.78
S;8;0;115.81;309.37
S;8;0;117.66;306.99
S;8;0;119.55;304.65
S;8;0;121.49;302.35
S;8;0;123.48;300.08
S;8;0;125.51;297.85
S;8;0;127.59;295.67
S;8;0;129.71;293.53
S;8;0;131.88;291.44
S;8;0;134.09;289.39
S;8;0;136.34;287.39
S;8;0;138.63;285.44
S;8;0;140.97;283.53
S;8;0;143.35;281.68
S;8;0;145.76;279.89
S;8;0;148.22;278.14
S;8;0;150.71;276.45
S;8;0;153.25;274.82
S;8;0;155.81;273.24
S;8;0;158.42;271.72
S;8;0;161.21;272.64
S;8;0;163.99;273.80
S;8;0;166.73;275.03
S;8;0;169.45;276.33
S;8;0;172.14;277.70
S;8;0;174.78;279.15
S;8;0;177.37;280.68
S;8;0;179.91;282.31
S;8;0;182.37;284.05
S;8;0;184.74;285.91
S;8;0;186.99;287.91
S;8;0;189.07;290.09
S;8;0;190.92;292.47
S;8;0;192.43;295.07
S;8;0;193.46;297.90
S;8;0;193.78;300.88
S;8;0;193.28;303.85
S;8;0;192.28;306.69
S;8;0;190.98;309.40
S;8;0;189.47;312.01
S;8;0;187.81;314.53
S;8;0;186.06;316.97
S;8;0;184.21;319.36
S;8;0;182.31;321.69
S;8;0;180.34;323.98
G;9;0000;d
S;9;0;182.12;304.21
S;9;0;179.39;302.97
S;9;0;176.71;301.63
S;9;0;174.06;300.24
S;9;0;171.42;298.82
S;9;0;168.78;297.41
S;9;0;166.13;296.01
S;9;0;163.45;294.66
S;9;0;160.75;293.39
S;9;0;157.99;292.20
S;9;0;155.19;291.14
S;9;0;152.33;290.25
S;9;0;149.42;289.56
S;9;0;146.46;289.13
S;9;0;143.46;289.00
S;9;0;140.48;289.23
S;9;0;137.55;289.84
S;9;0;134.75;290.90
S;9;0;132.09;292.28
S;9;0;129.56;293.88
S;9;0;127.14;295.65
S;9;0;124.81;297.53
S;9;0;122.57;299.52
S;9;0;120.41;301.59
S;9;0;118.31;303.73
S;9;0;116.28;305.94
S;9;0;114.31;308.19
S;9;0;112.40;310.50
S;9;0;110.54;312.85
S;9;0;108.73;315.24
S;9;0;106.98;317.67
S;9;0;105.28;320.13
S;9;0;103.63;322.63
S;9;0;102.04;325.17
S;9;0;100.50;327.74
S;9;0;99.02;330.35
S;9;0;97.60;332.98
S;9;0;96.24;335.65
S;9;0;94.95;338.36
S;9;0;93.73;341.09
S;9;0;92.60;343.86
S;9;0;91.55;346.67
S;9;0;90.60;349.51
S;9;0;89.76;352.39
S;9;0;89.06;355.30
S;9;0;88.51;358.25
S;9;0;88.15;361.22
S;9;0;88.02;364.21
S;9;0;88.17;367.20
S;9;0;88.67;370.15
S;9;0;89.59;373.00
S;9;0;91.01;375.63
S;9;0;92.87;377.98
S;9;0;95.09;379.98
S;9;0;97.64;381.55
S;9;0;100.44;382.61
S;9;0;103.37;383.19
S;9;0;106.36;383.32
S;9;0;109.35;383.09
S;9;0;112.30;382.57
S;9;0;115.20;381.82
S;9;0;118.04;380.88
S;9;0;120.83;379.78
S;9;0;123.56;378.56
S;9;0;126.25;377.24
S;9;0;128.89;375.82
S;9;0;131.48;374.32
S;9;0;134.04;372.76
S;9;0;136.55;371.13
S;9;0;139.04;369.45
S;9;0;141.48;367.72
S;9;0;143.90;365.95
S;9;0;146.28;364.14
S;9;0;148.64;362.29
S;9;0;150.97;360.41
S;9;0;153.27;358.49
S;9;0;155.54;356.54
S;9;0;157.79;354.56
S;9;0;160.02;352.55
S;9;0;162.21;350.51
S;9;0;164.38;348.45
S;9;0;166.52;346.35
S;9;0;168.63;344.22
S;9;0;170.70;342.06
S;9;0;172.73;339.86
S;9;0;174.69;337.59
S;9;1;175.50;409.03
S;9;1;174.88;406.08
S;9;1;174.32;403.12
S;9;1;173.82;400.15
S;9;1;173.37;397.17
S;9;1;172.97;394.18
S;9;1;172.64;391.19
S;9;1;172.36;388.19
S;9;1;172.13;385.18
S;9;1;171.95;382.18
S;9;1;171.83;379.16
S;9;1;171.76;376.15
S;9;1;171.74;373.14
S;9;1;171.76;370.13
S;9;1;171.84;367.11
S;9;1;171.96;364.10
S;9;1;172.12;361.09
S;9;1;172.33;358.09
S;9;1;172.58;355.09
S;9;1;172.88;352.09
S;9;1;173.21;349.09
S;9;1;173.58;346.10
S;9;1;173.99;343.12
S;9;1;174.43;340.13
S;9;1;174.91;337.16
S;9;1;175.42;334.19
S;9;1;175.96;331.23
S;9;1;176.53;328.27
S;9;1;177.13;325.31
S;9;1;177.76;322.37
S;9;1;178.41;319.43
S;9;1;179.09;316.49
S;9;1;179.79;313.56
S;9;1;180.52;310.64
S;9;1;181.27;307.72
S;9;1;182.03;304.80
S;9;1;182.82;301.89
S;9;1;183.62;298.99
S;9;1;184.44;296.09
S;9;1;185.27;293.19
S;9;1;186.12;290.30
S;9;1;186.98;287.41
S;9;1;187.86;284.53
S;9;1;188.74;281.65
S;9;1;189.64;278.77
S;9;1;190.54;275.90
S;9;1;191.45;273.02
S;9;1;192.37;270.15
S;9;1;193.29;267.29
S;9;1;194.21;264.42
S;9;1;195.14;261.55
S;9;1;196.08;258.69
S;9;1;197.01;255.82
S;9;1;197.94;252.95
S;9;1;198.87;250.09
S;9;1;199.81;247.22
S;9;1;200.75;244.36
S;9;1;201.69;241.50
S;9;1;202.65;238.64
S;9;1;203.61;235.79
S;9;1;204.58;232.94
S;9;1;205.57;230.09
S;9;1;206.57;227.25
S;9;1;207.59;224.41
S;9;1;208.62;221.58
S;9;1;209.68;218.76
S;9;1;210.75;215.94
S;9;1;211.85;213.14
S;9;1;212.97;210.34
S;9;1;214.12;207.55
S;9;1;215.29;204.78
S;9;1;216.49;202.01
S;9;1;217.73;199.26
S;9;1;218.99;196.53
S;9;1;220.29;193.81
S;9;1;221.62;191.11
S;9;1;222.99;188.42
S;9;1;224.40;185.76
S;9;1;225.84;183.11
S;9;1;227.33;180.49
S;9;1;228.85;177.89
S;9;1;230.42;175.32
G;10;0000;u00a1
S;10;1;142.90;236.78
S;10;1;143.25;236.47
S;10;1;143.64;236.21
S;10;1;144.08;236.05
S;10;1;144.52;236.16
S;10;1;144.63;236.60
S;10;1;144.47;237.04
S;10;1;144.21;237.43
S;10;1;143.90;237.78
S;10;0;115.94;282.72
S;10;0;117.03;285.51
S;10;0;118.03;288.32
S;10;0;118.93;291.18
S;10;0;119.68;294.07
S;10;0;120.26;297.01
S;10;0;120.63;299.97
S;10;0;120.78;302.96
S;10;0;120.69;305.95
S;10;0;120.43;308.93
S;10;0;120.05;311.90
S;10;0;119.57;314.85
S;10;0;119.02;317.79
S;10;0;118.40;320.72
S;10;0;117.73;323.63
S;10;0;117.01;326.54
S;10;0;116.26;329.43
S;10;0;115.46;332.32
S;10;0;114.63;335.19
S;10;0;113.78;338.06
S;10;0;112.90;340.92
S;10;0;111.99;343.77
S;10;0;111.06;346.61
S;10;0;110.11;349.45
S;10;0;109.14;352.28
S;10;0;108.16;355.10
S;10;0;107.15;357.92
S;10;0;106.13;360.73
S;10;0;105.10;363.54
S;10;0;104.05;366.34
S;10;0;102.98;369.13
S;10;0;101.90;371.92
S;10;0;100.81;374.71
S;10;0;99.71;377.49
S;10;0;98.59;380.27
S;10;0;97.46;383.04
S;10;0;96.32;385.80
S;10;0;95.17;388.56
S;10;0;94.00;391.32
S;10;0;92.82;394.07
S;10;0;91.63;396.81
S;10;0;90.43;399.55
S;10;0;89.22;402.28
S;10;0;87.99;405.01
S;10;0;86.75;407.73
S;10;0;85.50;410.45
S;10;0;84.23;413.16
S;10;0;82.94;415.86
S;10;0;81.64;418.55
S;10;0;80.32;421.24
S;10;0;78.97;423.91
S;10;0;77.61;426.57
S;10;0;76.21;429.21
S;10;0;74.80;431.85
S;10;0;73.44;434.52
S;10;0;72.12;437.20
S;10;0;70.84;439.91
S;10;0;69.62;442.64
S;10;0;68.43;445.38
S;10;0;67.28;448.15
S;10;0;66.17;450.92
S;10;0;65.07;453.70
S;10;0;63.99;456.49
S;10;0;62.92;459.29
S;10;0;61.85;462.08
S;10;0;60.77;464.87
S;10;0;59.69;467.66
S;10;0;58.60;470.44
S;10;0;57.50;473.23
S;10;0;56.39;476.00
S;10;0;55.27;478.78
S;10;0;54.13;481.55
S;10;0;52.99;484.31
S;10;0;51.83;487.07
G;11;0000;u00a3
S;11;1;60.90;399.86
S;11;1;63.36;401.53
S;11;1;66.12;402.64
S;11;1;69.04;403.20
S;11;1;72.01;403.31
S;11;1;74.98;403.09
S;11;1;77.92;402.61
S;11;1;80.82;401.98
S;11;1;83.71;401.23
S;11;1;86.57;400.42
S;11;1;89.43;399.59
S;11;1;92.30;398.79
S;11;1;95.19;398.07
S;11;1;98.11;397.49
S;11;1;101.06;397.15
S;11;1;104.04;397.20
S;11;1;106.99;397.56
S;11;1;109.92;398.07
S;11;1;112.83;398.70
S;11;1;115.72;399.43
S;11;1;118.58;400.25
S;11;1;121.42;401.14
S;11;1;124.25;402.08
S;11;1;127.06;403.06
S;11;1;129.86;404.08
S;11;1;132.64;405.12
S;11;1;135.42;406.19
S;11;1;138.20;407.26
S;11;1;140.98;408.34
S;11;1;143.75;409.42
S;11;1;146.53;410.49
S;11;1;149.31;411.55
S;11;1;152.10;412.58
S;11;1;154.90;413.60
S;11;1;157.71;414.58
S;11;1;160.54;415.52
S;11;1;163.38;416.41
S;11;1;166.24;417.24
S;11;1;169.11;418.02
S;11;1;172.01;418.71
S;11;1;174.92;419.31
S;11;1;177.86;419.81
S;11;1;180.81;420.20
S;11;1;183.78;420.45
S;11;1;186.75;420.54
S;11;1;189.73;420.45
S;11;1;192.69;420.17
S;11;1;195.63;419.68
S;11;1;198.51;418.95
S;11;1;201.32;417.98
S;11;1;204.04;416.76
S;11;1;206.63;415.30
S;11;1;209.09;413.62
S;11;1;211.39;411.73
S;11;1;213.68;409.83
S;11;1;216.06;408.04
S;11;1;218.26;406.04
S;11;1;219.72;403.48
S;11;2;68.83;283.20
S;11;2;71.01;285.24
S;11;2;73.56;286.80
S;11;2;76.35;287.87
S;11;2;79.27;288.52
S;11;2;82.25;288.85
S;11;2;85.24;288.94
S;11;2;88.23;288.87
S;11;2;91.22;288.72
S;11;2;94.21;288.54
S;11;2;97.20;288.39
S;11;2;100.19;288.35
S;11;2;103.18;288.47
S;11;2;106.17;288.54
S;11;2;109.17;288.52
S;11;2;112.16;288.43
S;11;2;115.15;288.28
S;11;2;118.13;288.07
S;11;2;121.12;287.82
S;11;2;124.10;287.52
S;11;2;127.07;287.20
S;11;2;130.05;286.85
S;11;2;133.02;286.48
S;11;2;135.98;286.10
S;11;2;138.95;285.71
S;11;2;141.92;285.33
S;11;2;144.89;284.95
S;11;2;147.86;284.59
S;11;2;150.84;284.26
S;11;2;153.82;283.96
S;11;2;156.80;283.71
S;11;2;159.79;283.52
S;11;2;162.78;283.41
S;11;2;165.77;283.38
S;11;2;168.76;283.47
S;11;2;171.75;283.68
S;11;2;174.72;284.02
S;11;2;177.68;284.48
S;11;2;180.61;285.09
S;11;2;183.51;285.85
S;11;2;186.36;286.75
S;11;2;189.16;287.81
S;11;2;191.90;289.01
S;11;2;194.58;290.35
S;11;2;197.18;291.83
S;11;0;235.62;207.42
S;11;0;236.35;204.52
S;11;0;236.89;201.58
S;11;0;237.22;198.61
S;11;0;237.31;195.62
S;11;0;237.14;192.63
S;11;0;236.69;189.68
S;11;0;235.92;186.79
S;11;0;234.84;184.00
S;11;0;233.45;181.36
S;11;0;231.74;178.90
S;11;0;229.75;176.67
S;11;0;227.52;174.68
S;11;0;225.07;172.97
S;11;0;222.45;171.54
S;11;0;219.69;170.38
S;11;0;216.83;169.50
S;11;0;213.90;168.90
S;11;0;210.93;168.55
S;11;0;207.94;168.46
S;11;0;204.95;168.62
S;11;0;201.99;169.00
S;11;0;199.06;169.61
S;11;0;196.18;170.43
S;11;0;193.37;171.45
S;11;0;190.64;172.67
S;11;0;188.00;174.06
S;11;0;185.45;175.63
S;11;0;183.00;177.35
S;11;0;180.67;179.22
S;11;0;178.46;181.23
S;11;0;176.36;183.37
S;11;0;174.39;185.61
S;11;0;172.54;187.97
S;11;0;170.82;190.41
S;11;0;169.16;192.90
S;11;0;167.53;195.41
S;11;0;165.93;197.94
S;11;0;164.36;200.49
S;11;0;162.83;203.05
S;11;0;161.32;205.63
S;11;0;159.84;208.24
S;11;0;158.39;210.85
S;11;0;156.97;213.49
S;11;0;155.58;216.13
S;11;0;154.22;218.80
S;11;0;152.89;221.47
S;11;0;151.58;224.17
S;11;0;150.30;226.87
S;11;0;149.05;229.59
S;11;0;147.83;232.32
S;11;0;146.63;235.06
S;11;0;145.46;237.81
S;11;0;144.31;240.57
S;11;0;143.19;243.34
S;11;0;142.09;246.13
S;11;0;141.01;248.92
S;11;0;139.96;251.72
S;11;0;138.93;254.53
S;11;0;137.92;257.34
S;11;0;136.94;260.17
S;11;0;135.97;263.00
S;11;0;135.03;265.84
S;11;0;134.10;268.68
S;11;0;133.20;271.53
S;11;0;132.31;274.39
S;11;0;131.44;277.25
S;11;0;130.59;280.12
S;11;0;129.76;282.99
S;11;0;128.94;285.87
S;11;0;128.14;288.75
S;11;0;127.35;291.64
S;11;0;126.58;294.53
S;11;0;125.82;297.42
S;11;0;125.08;300.32
S;11;0;124.35;303.22
S;11;0;123.63;306.12
S;11;0;122.92;309.03
S;11;0;122.22;311.94
S;11;0;121.54;314.85
S;11;0;120.86;317.76
S;11;0;120.19;320.68
S;11;0;119.54;323.60
S;11;0;118.89;326.51
S;11;0;118.24;329.44
S;11;0;117.61;332.36
S;11;0;116.98;335.28
S;11;0;116.36;338.21
S;11;0;115.74;341.14
S;11;0;115.13;344.06
S;11;0;114.52;346.99
S;11;0;113.91;349.92
S;11;0;113.31;352.85
S;11;0;112.71;355.78
S;11;0;112.11;358.71
S;11;0;111.52;361.65
S;11;0;110.92;364.58
S;11;0;110.33;367.51
S;11;0;109.73;370.44
S;11;0;109.13;373.37
S;11;0;108.53;376.30
S;11;0;107.93;379.23
S;11;0;107.33;382.16
S;11;0;106.72;385.09
S;11;0;106.11;388.02
S;11;0;105.49;390.94
S;11;0;104.87;393.87
G;12;0000;µ
S;12;2;160.45;356.34
S;12;2;161.48;359.21
S;12;2;162.48;362.09
S;12;2;163.46;364.98
S;12;2;164.42;367.88
S;12;2;165.39;370.77
S;12;2;166.38;373.66
S;12;2;167.39;376.54
S;12;2;168.43;379.40
S;12;2;169.53;382.25
S;12;2;170.69;385.07
S;12;2;171.91;387.86
S;12;2;173.22;390.62
S;12;2;174.63;393.33
S;12;2;176.14;395.97
S;12;2;177.78;398.55
S;12;2;179.54;401.04
S;12;1;93.85;376.29
S;12;1;96.00;378.38
S;12;1;98.39;380.19
S;12;1;100.99;381.67
S;12;1;103.76;382.80
S;12;1;106.67;383.54
S;12;1;109.64;383.90
S;12;1;112.63;383.93
S;12;1;115.62;383.65
S;12;1;118.57;383.11
S;12;1;121.46;382.34
S;12;1;124.30;381.38
S;12;1;127.07;380.24
S;12;1;129.78;378.96
S;12;1;132.42;377.55
S;12;1;135.00;376.02
S;12;1;137.51;374.38
S;12;1;139.96;372.64
S;12;1;142.33;370.81
S;12;1;144.63;368.89
S;12;1;146.86;366.89
S;12;1;149.02;364.82
S;12;1;151.12;362.67
S;12;1;153.14;360.45
S;12;1;155.09;358.18
S;12;1;156.97;355.85
S;12;1;158.79;353.46
S;12;1;160.54;351.03
S;12;1;162.23;348.56
S;12;1;163.86;346.04
S;12;1;165.42;343.48
S;12;1;166.94;340.90
S;12;1;168.39;338.28
S;12;1;169.79;335.63
S;12;1;171.15;332.95
S;12;1;172.45;330.25
S;12;1;173.70;327.53
S;12;1;174.91;324.79
S;12;1;176.08;322.03
S;12;1;177.20;319.25
S;12;1;178.29;316.45
S;12;1;179.33;313.64
S;12;1;180.34;310.82
S;12;1;181.31;307.99
S;12;1;182.25;305.14
S;12;1;183.16;302.28
S;12;1;184.04;299.42
S;12;1;184.88;296.54
S;12;1;185.70;293.66
S;12;1;186.49;290.76
S;12;1;187.26;287.87
S;12;1;188.00;284.96
S;12;1;188.71;282.05
S;12;1;189.41;279.14
S;12;1;190.08;276.21
S;12;1;190.74;273.29
S;12;0;124.01;272.24
S;12;0;123.37;275.16
S;12;0;122.69;278.07
S;12;0;121.97;280.97
S;12;0;121.21;283.87
S;12;0;120.41;286.75
S;12;0;119.58;289.62
S;12;0;118.72;292.48
S;12;0;117.83;295.34
S;12;0;116.92;298.19
S;12;0;115.98;301.03
S;12;0;115.03;303.86
S;12;0;114.07;306.69
S;12;0;113.09;309.52
S;12;0;112.10;312.34
S;12;0;111.10;315.16
S;12;0;110.10;317.97
S;12;0;109.09;320.79
S;12;0;108.09;323.61
S;12;0;107.09;326.43
S;12;0;106.10;329.25
S;12;0;105.12;332.07
S;12;0;104.15;334.90
S;12;0;103.19;337.73
S;12;0;102.25;340.57
S;12;0;101.33;343.42
S;12;0;100.44;346.27
S;12;0;99.57;349.13
S;12;0;98.72;352.00
S;12;0;97.88;354.87
S;12;0;97.05;357.74
S;12;0;96.23;360.62
S;12;0;95.42;363.49
S;12;0;94.62;366.37
S;12;0;93.81;369.25
S;12;0;93.00;372.13
S;12;0;92.18;375.01
S;12;0;91.36;377.88
S;12;0;90.52;380.75
S;12;0;89.67;383.62
S;12;0;88.81;386.48
S;12;0;87.92;389.34
S;12;0;87.01;392.19
S;12;0;86.08;395.03
S;12;0;85.12;397.86
S;12;0;84.12;400.68
S;12;0;83.10;403.49
S;12;0;82.07;406.29
S;12;0;81.02;409.09
S;12;0;79.96;411.89
S;12;0;78.89;414.68
S;12;0;77.83;417.48
S;12;0;76.76;420.27
S;12;0;75.69;423.06
S;12;0;74.63;425.86
S;12;0;73.57;428.65
S;12;0;72.53;431.46
S;12;0;71.49;434.26
S;12;0;70.48;437.07
S;12;0;69.49;439.89
S;12;0;68.51;442.72
S;12;0;67.57;445.56
S;12;0;66.65;448.40
S;12;0;65.76;451.26
S;12;0;64.91;454.13
S;12;0;64.09;457.00
S;12;0;63.32;459.89
S;12;0;62.59;462.79
S;12;0;61.91;465.70
S;12;0;61.28;468.63
S;12;0;60.71;471.56
